grid,SCUs,scaleIJ,profitsale,cost_travel,cost_worker,fix_costs,workertime,duration,objective_opt,objective_sales,objective_heur,locations,heur_gap,agents_opt,agents_heur,agent_profit_dev_opt,agent_profit_dev_heur
15,2020,1.0,50.0,10.0,40.0,10000.0,400.0,119.51,1.287550224e7,1.287550229e7,1.287357822e7,31,0.014944,339.9,340.0,216.01,1780.66
15,2020,1.0,50.0,10.0,40.0,10000.0,800.0,119.51,1.287550224e7,1.287550229e7,1.2868569e7,31,0.053849,169.93999999999997,171.0,448.99,6149.16
15,2020,1.0,50.0,10.0,40.0,10000.0,1600.0,119.51,1.287550224e7,1.287550229e7,1.284014004e7,31,0.274648,84.99000000000002,85.0,898.52,27849.87
