area,hours,profit,nr_kge,agents,agent_profit
2394.0,3513.1423471282346,71150.60942733462,1202,2.1957139669551466,59.193518658348275
1007.0,4275.74761089804,88471.41218531849,949,2.672342256811275,93.22593486334931
1985.0,4792.044052896725,91719.12122837224,648,2.995027533060453,141.54185374748803
0.0,0.0,0.0,5,0.0,0.0
